區域,餐廳名,類別,評分,評論數,一,二,三,四,五,六,日,$
公館、水源,義樂麵屋,j,3.8,1362,11:30-21:00,11:30-21:00,11:30-21:00,11:30-21:00,11:30-21:00,11:30-21:00,11:30-21:00,2
公館、水源,龍哥無骨雞腿排,tw,4.4,274,x,x,16:00-22:00,16:00-22:00,16:00-22:00,16:00-22:00,16:00-22:00,1
公館、水源,小飯館兒,k,4,2280,11:30-15:00/16:30-22:30,x,11:30-15:00/16:30-22:30,11:30-15:00/16:30-22:30,11:30-15:00/16:30-22:30,11:30-15:00/16:30-22:30,11:30-15:00/16:30-22:30,2
公館、水源,炸手指,tw,4.3,212,16:00-02:00,16:00-02:00,16:00-02:00,16:00-02:00,16:00-02:00,16:00-02:00,16:00-02:00,1
公館、水源,池先生 Kopitiam,koh,4.2,3118,11:30-15:30/17:00-20:45,11:30-15:30/17:00-20:45,11:30-15:30/17:00-20:45,11:30-15:30/17:00-20:45,11:30-15:30/17:00-20:45,11:30-20:45,11:30-20:45,2
公館、水源,翠薪越南餐廳,koh,4,1556,11:20-14:30/17:20-21:00,11:20-14:30/17:20-21:00,x,11:20-14:30/17:20-21:00,11:20-14:30/17:20-21:00,11:20-14:30/17:20-21:00,11:20-14:30/17:20-21:00,2
公館、水源,威宇牛排,tw,4.3,1018,11:00-23:00,x,11:00-23:00,11:00-23:00,11:00-23:00,11:00-23:00,11:00-23:00,1
公館、水源,泰國小館,koh,3.9,2246,11:30-21:30,x,11:30-21:30,11:30-21:30,11:30-21:30,11:30-21:30,11:30-21:30,2
公館、水源,藍家割包,tw,4,4593,x,11:00-23:00,11:00-23:00,11:00-23:00,11:00-23:00,11:00-23:00,11:00-23:00,1
公館、水源,12MINI快煮鍋,tw,3.9,995,11:00-22:30,11:00-22:30,11:00-22:30,11:00-22:30,11:00-23:00,11:00-23:00,11:00-23:00,1
公館、水源,大盛豬排專門店,j,4.2,1113,x,11:30-14:00/17:00-20:15,11:30-14:00/17:00-20:15,11:30-14:00/17:00-20:15,11:30-14:00/17:00-20:15,11:30-14:00/17:00-20:15,11:30-14:00/17:00-20:15,2
公館、水源,劉家水煎包,tw,3.4,583,05:30-21:30,05:30-21:30,05:30-21:30,05:30-21:30,05:30-21:30,05:30-21:30,05:30-21:30,1
公館、水源,公館小吃店,tw,3.7,82,10:00-23:00,10:00-23:00,10:00-23:00,10:00-23:00,10:00-23:00,10:00-23:00,10:00-23:00,1
公館、水源,貳樓餐廳,am,4.1,2992,10:00-21:30,10:00-21:30,10:00-21:30,10:00-21:30,10:00-22:00,08:00-22:00,08:00-22:00,2
公館、水源,初牛,j,4.2,1890,11:30-14:00/17:30-21:00,11:30-14:00/17:30-21:00,11:30-14:00/17:30-21:00,11:30-14:00/17:30-21:00,11:30-14:00/17:30-21:00,11:30-21:30,11:30-21:30,2
公館、水源,母女的店,koh,4.1,692,11:30-14:00/17:30-20:30,x,11:30-14:00/17:30-20:30,11:30-14:00/17:30-20:30,11:30-14:00/17:30-20:30,11:30-14:00/17:30-20:30,11:30-14:00/17:30-20:30,1
公館、水源,赤神日式豬排,j,4.2,1806,11:30-14:00/17:00-22:00,11:30-14:00/17:00-22:00,11:30-14:00/17:00-22:00,11:30-14:00/17:00-22:00,11:30-14:00/17:00-22:00,11:30-22:00,11:30-22:00,2
公館、水源,狗一下居酒食堂,j,4.2,2244,11:30-14:30/17:00-23:00,11:30-14:30/17:00-23:00,11:30-14:30/17:00-23:00,11:30-14:30/17:00-23:00,11:30-14:30/17:00-23:00,11:30-14:30/17:00-23:00,11:30-14:30/17:00-23:00,3
公館、水源,韓天閣,k,3.9,932,11:30-14:30/17:00-21:30,11:30-14:30/17:00-21:30,11:30-14:30/17:00-21:30,11:30-14:30/17:00-21:30,11:30-14:30/17:00-21:30,11:30-14:30/17:00-21:30,11:30-14:30/17:00-21:30,2
公館、水源,阿鸞手工法國麵包,koh,4.2,180,06:00-23:00,06:00-23:00,06:00-23:00,06:00-23:00,06:00-23:00,06:00-23:00,06:00-23:00,1
公館、水源,魷魚羹.花枝羹,tw,4.5,11,17:00-23:30,17:00-23:30,x,17:00-23:30,17:00-23:30,17:00-23:30,17:00-23:30,1
公館、水源,素食鹹酥雞,tw,4.6,62,16:30-22:00,16:30-22:00,x,16:30-22:00,16:30-22:00,16:30-22:00,16:30-22:00,1
公館、水源,生機沙拉船,am,4.2,59,16:00-23:00,16:00-23:00,x,16:00-23:00,16:00-23:00,16:00-23:00,16:00-23:00,1
公館、水源,YU POKÉ-夏威夷生魚飯,am,4.6,1342,11:30-20:30,x,11:30-20:30,11:30-20:30,11:30-20:30,11:30-20:30,11:30-20:30,1
公館、水源,楽坡BonBox,tw,4,116,11:30-13:30/17:00-20:00,11:30-13:30/17:00-20:00,11:30-13:30/17:00-20:00,11:30-13:30/17:00-20:00,11:30-13:30/17:00-20:00,11:00-13:30,x,1
公館、水源,都是38廚房,koh,4.8,24,11:00-22:00,11:00-22:00,11:00-22:00,11:00-22:00,11:00-22:00,11:00-22:00,11:00-22:00,1
公館、水源,靜壽司,j,4.4,653,11:00-13:00/17:00-21:00,11:00-13:00/17:00-21:00,11:00-13:00/17:00-21:00,11:00-13:00/17:00-21:00,11:00-13:00/17:00-21:00,11:00-13:00/17:00-21:00,11:00-13:00/17:00-21:00,2
公館、水源,Chic Thai 泰式新定食,koh,3.9,92,11:00-14:30/17:00-22:00,11:00-14:30/17:00-22:00,11:00-14:30/17:00-22:00,11:00-14:30/17:00-22:00,11:00-14:30/17:00-22:00,11:00-14:30/17:00-22:00,11:00-14:30/17:00-22:00,2
公館、水源,公館食堂,tw,4.6,16,12:00-14:00/17:00-20:30,12:00-14:00/17:00-20:30,12:00-14:00/17:00-20:30,12:00-14:00/17:00-20:30,12:00-14:00/17:00-20:30,12:00-14:00/17:00-20:30,x,1
公館、水源,賢夫美食,hk,4.3,237,x,10:00-18:00,10:00-18:00,10:00-18:00,10:00-18:00,10:00-18:00,10:00-15:00,2
公館、水源,心KOKORO食堂,j,4.3,234,11:30-15:00/17:00-21:00,11:30-15:00/17:00-21:00,x,11:30-15:00/17:00-21:00,11:30-15:00/17:00-21:00,11:30-15:00/17:00-21:00,11:30-15:00/17:00-21:00,2
公館、水源,維綸麵食館,ch,3.8,768,11:00-14:00/17:00-21:00,11:00-14:00/17:00-21:00,x,11:00-14:00/17:00-21:00,11:00-14:00/17:00-21:00,11:00-14:00/17:00-21:00,11:00-14:00/17:00-21:00,1
公館、水源,維都,hk,4.7,402,11:30-14:00/18:00-22:30,11:30-14:00/18:00-21:00,11:30-14:00/18:00-21:00,11:30-14:00/18:00-21:00,11:30-14:00/18:00-22:30,18:00-23:30,18:00-21:00,2
公館、水源,スシロー壽司郎,j,4,1419,11:00-22:30,11:00-22:30,11:00-22:30,11:00-22:30,11:00-22:30,11:00-22:30,11:00-22:30,2
公館、水源,曼谷燒,koh,3.9,595,11:00-14:00/17:00-20:30,11:00-14:00/17:00-20:30,11:00-14:00/17:00-20:30,x,11:00-14:00/17:00-20:30,11:00-15:00/16:00-20:30,11:00-15:00/16:00-20:30,1
公館、水源,すき家 SUKIYA,j,4.1,1940,00:00-24:00,00:00-24:00,00:00-24:00,00:00-24:00,00:00-24:00,00:00-24:00,00:00-24:00,1
公館、水源,好吃好吃 2號店,am,3.2,408,x,11:30-14:00/17:00-21:00,11:30-14:00/17:00-21:00,11:30-14:00/17:00-21:00,11:30-14:00/17:00-21:00,11:30-21:00,11:30-21:00,2
公館、水源,泰正點泰式料理,koh,3.9,655,11:00-14:30/17:00-22:00,11:00-14:30/17:00-22:00,11:00-14:30/17:00-22:00,11:00-14:30/17:00-22:00,11:00-14:30/17:00-22:00,11:00-14:30/17:00-22:00,11:00-14:30/17:00-22:00,2
公館、水源,台北公館胡椒餅,ch,3.9,148,12:00-20:00,12:00-20:00,12:00-20:00,12:00-20:00,12:00-20:00,12:00-20:00,x,1
公館、水源,Miss Energy 能量小姐,tw,4.2,568,10:30-14:00/15:00-19:30,10:30-14:00/15:00-19:30,10:30-14:00/15:00-19:30,10:30-14:00/15:00-19:30,10:30-14:00/15:00-19:30,x,x,1
公館、水源,易牙居餐廳,ch,3.9,1217,11:30-14:00/17:00-21:00,11:30-14:00/17:00-21:00,11:30-14:00/17:00-21:00,11:30-14:00/17:00-21:00,11:30-14:00/17:00-21:00,11:30-21:00,11:30-21:00,2
公館、水源,麵工坊義大利麵,it,3.8,482,11:30-15:00/17:00-20:30,11:30-15:00/17:00-20:30,11:30-15:00/17:00-20:30,11:30-15:00/17:00-20:30,11:30-15:00/17:00-20:30,11:30-15:00/16:30-20:30,11:30-15:00/16:30-20:30,1
公館、水源,香鄉麵食館,ch,3.9,316,11:00-21:00,11:00-21:00,11:00-21:00,11:00-21:00,11:00-21:00,x,11:00-21:00,1
公館、水源,東雛菊-風味鍋物,tw,4.5,1001,11:30-14:30/17:30-21:50,11:30-14:30/17:30-21:50,11:30-14:30/17:30-21:50,11:30-14:30/17:30-21:50,11:30-14:30/17:30-21:50,11:30-21:50,11:30-21:50,2
公館、水源,蠶居,tw,4.1,753,10:30-20:00,10:30-20:00,10:30-20:00,10:30-20:00,10:30-20:00,10:30-20:00,10:30-16:00,1
公館、水源,晴光紅豆餅,fat,4.1,562,11:30-22:30,11:30-22:30,11:30-22:30,11:30-22:30,11:30-22:30,11:30-22:30,11:30-22:30,1
公館、水源,土司吐司 ToasToasT,br,4,1089,07:00-14:00,07:00-14:00,07:00-14:00,07:00-14:00,07:00-14:00,07:00-14:00,07:00-14:00,1
公館、水源,素食地瓜球,fat,3.9,413,15:30-22:30,15:30-22:30,x,15:30-22:30,15:30-22:30,15:30-22:30,15:30-22:30,1
公館、水源,秋紅肚房,tw,4.7,139,x,x,x,11:00-18:00,11:00-18:00,11:00-19:00,11:00-19:00,1
公館、水源,三米三小館,hk,4.2,208,11:00-14:30/17:00-23:45,11:00-14:30/17:00-23:45,11:00-14:30/17:00-23:45,11:00-14:30/17:00-23:45,11:00-14:30/17:00-23:45,11:00-14:30/17:00-23:45,11:00-14:30/17:00-23:45,1
公館、水源,阿里媽媽南洋料理,koh,4.3,762,11:00-15:30/17:00-22:00,11:00-15:30/17:00-22:00,11:00-15:30/17:00-22:00,11:00-15:30/17:00-22:00,11:00-15:30/17:00-22:00,11:00-15:30/17:00-22:00,11:00-15:30/17:00-22:00,1
公館、水源,銀座河粉蛋麵,koh,4.1,1297,11:00-14:00/17:00-21:00,11:00-14:00/17:00-21:00,11:00-14:00/17:00-21:00,11:00-14:00/17:00-21:00,11:00-14:00/17:00-21:00,11:00-14:30/17:00-21:00,11:00-14:30/17:00-21:00,1
公館、水源,公館麵線店,tw,3.6,123,10:00-20:00,10:00-20:00,10:00-20:00,10:00-20:00,10:00-20:00,10:00-20:00,10:00-20:00,1
公館、水源,祥記號美食小吃,tw,4,585,x,11:00-15:00/17:00-20:00,11:00-15:00/17:00-20:00,11:00-15:00/17:00-20:00,11:00-15:00/17:00-20:00,11:00-15:00/17:00-20:00,11:00-15:00/17:00-20:00,1
公館、水源,新南城泰式料理,koh,3.2,696,11:30-21:30,11:30-21:30,11:30-21:30,11:30-21:30,11:30-21:30,11:30-21:30,11:30-21:30,2
公館、水源,鱷吐司 A Toast,br,4.4,416,08:00-15:30,08:00-15:30,08:00-15:30,08:00-15:30,08:00-15:30,07:30-15:00,07:30-15:00,1
公館、水源,虹岩屋,tw,4.1,40,x,11:00-19:55,11:00-19:55,11:00-19:55,11:00-19:55,11:00-19:55,11:00-19:55,1
公館、水源,壹森泰食堂~師大第一腿,koh,4.5,1199,11:00-21:30,11:00-21:30,11:00-21:30,11:00-21:30,11:00-21:30,11:00-21:30,11:00-21:30,1
公館、水源,墨洋拉麵,j,4,1003,11:30-14:00/17:00-21:00,11:30-14:00/17:00-21:00,11:30-14:00/17:00-21:00,11:30-14:00/17:00-21:00,11:30-14:00/17:00-22:00,11:30-14:30/17:00-22:00,11:30-14:30/17:00-21:00,2
公館、水源,公館清蒸肉圓,tw,4.1,152,11:30-21:00,11:30-21:00,11:30-21:00,11:30-21:00,11:30-21:00,11:30-21:00,11:30-21:00,1
公館、水源,潮味決‧湯滷專門店,ch,4,194,11:00-21:00,11:00-21:00,11:00-21:00,11:00-21:00,11:00-21:00,11:00-21:00,11:00-21:00,1
公館、水源,小公館Cafe,fat,3.9,328,x,16:00-23:00,16:00-23:00,16:00-23:00,16:00-24:00,12:00-24:00,12:00-23:00,2
公館、水源,小旺號,tw,4.3,973,07:00-21:00,x,07:00-21:00,07:00-21:00,07:00-21:00,07:00-21:00,07:00-21:00,1
公館、水源,雲泰小鎮,koh,3.3,219,11:00-22:00,11:00-22:00,11:00-22:00,11:00-22:00,11:00-22:00,11:00-22:00,11:00-22:00,2
公館、水源,公館阿姨滷味,tw,4.7,301,11:00-20:30,11:00-20:30,11:00-20:30,11:00-20:30,11:00-20:30,x,11:00-20:30,1
公館、水源,小飯廳,hk,3.8,751,11:30-15:00/17:00-21:00,11:30-15:00/17:00-21:00,11:30-15:00/17:00-21:00,11:30-15:00/17:00-21:00,11:30-15:00/17:00-21:00,11:30-15:00/17:00-21:00,11:30-15:00/17:00-21:00,1
公館、水源,麻煮MiNi麻辣煲,tw,4.5,486,11:30-14:30/17:00-22:00,11:30-14:30/17:00-22:00,11:30-14:30/17:00-22:00,x,11:30-14:30/17:00-23:00,11:30-14:30/17:00-23:00,11:30-14:30/17:00-22:00,2
公館、水源,索菲烤布蕾,fat,4.5,178,x,12:00-20:00,12:00-20:00,12:00-20:00,12:00-20:00,12:00-20:00,12:00-20:00,1
公館、水源,bb.q CHICKEN,am,4.6,608,11:00-21:30,11:00-21:30,11:00-21:30,11:00-21:30,11:00-21:30,11:00-21:30,11:00-21:30,1
公館、水源,金雞園,ch,3.8,999,10:00-22:00,10:00-22:00,10:00-22:00,10:00-22:00,10:00-22:00,10:00-22:00,10:00-22:00,1
公館、水源,樂樂韓食,k,4.5,190,x,11:30-19:00,11:30-19:00,11:30-19:00,11:30-19:00,11:30-19:00,11:30-19:00,1
公館、水源,魔法雞排,tw,3.5,257,11:00-22:00,11:00-22:00,11:00-22:00,11:00-22:00,11:00-22:00,11:00-22:00,11:00-22:00,1
公館、水源,馬辣頂級麻辣鴛鴦火鍋,tw,4.1,4499,00:00-01:00/11:30-24:00,00:00-01:00/11:30-24:00,00:00-01:00/11:30-24:00,00:00-01:00/11:30-24:00,00:00-01:00/11:30-24:00,00:00-01:00/11:30-24:00,00:00-01:00/11:30-24:00,2
公館、水源,大埔鐵板燒,tw,4,856,11:00-24:00,11:00-24:00,11:00-24:00,11:00-24:00,11:00-24:00,11:00-24:00,11:00-24:00,1
公館、水源,何太守港式菠蘿包專賣店,fat,4.3,294,11:00-22:00,11:00-22:00,11:00-22:00,11:00-22:00,11:00-22:00,11:00-22:00,11:00-22:00,1
公館、水源,Mr. 雪腐,fat,4.5,1970,12:00-22:00,12:00-22:00,12:00-22:00,12:00-22:00,12:00-22:00,12:00-22:00,12:00-22:00,1
公館、水源,白帝城川式滷味,ch,3.8,328,16:30-24:00,16:30-24:00,16:30-24:00,16:30-24:00,16:30-24:00,16:30-24:00,16:30-24:00,1
公館、水源,香港泉記小吃館,hk,4.2,334,x,11:00-14:00/16:00-20:00,11:00-14:00,11:00-14:00/16:00-20:00,11:00-14:00/16:00-20:00,11:00-14:00/16:00-20:00,11:00-14:00/16:00-20:00,1
公館、水源,大葉麵食館,hk,3.9,213,11:30-14:00/17:00-19:30,11:30-14:00/17:00-19:30,11:30-14:00/17:00-19:30,11:30-14:00/17:00-19:30,11:30-14:00/17:00-19:30,11:30-14:00/17:00-19:30,x,1
公館、水源,牛洞食堂,j,4.1,1051,11:30-15:30/17:00-21:00,11:30-15:30/17:00-21:00,11:30-15:30/17:00-21:00,11:30-15:30/17:00-21:00,11:30-15:30/17:00-21:00,11:30-21:00,11:30-21:00,2
公館、水源,通哥日式串燒,j,4,86,x,x,19:00-23:00,19:00-23:00,19:00-23:00,19:00-23:00,19:00-23:00,1
公館、水源,倆倆號 22KEBAB,am,3.8,1227,09:00-19:00,09:00-19:00,09:00-19:00,09:00-19:00,09:00-19:00,09:00-19:00,09:00-19:00,1
公館、水源,秀食屋關東煮專賣店,j,4.5,587,11:30-14:00/16:50-21:00,11:30-14:00/16:50-21:00,11:30-14:00/16:50-21:00,11:30-14:00/16:50-21:00,11:30-14:00/16:50-21:00,11:30-14:00/16:50-21:00,11:30-14:00/16:50-21:00,1
公館、水源,珍記豬血糕,tw,4.1,173,12:00-22:00,12:00-22:00,12:00-22:00,12:00-22:00,12:00-22:00,12:00-22:00,12:00-22:00,1
公館、水源,漢堡王,am,4,895,07:00-22:30,07:00-22:30,07:00-22:30,07:00-22:30,07:00-22:30,07:00-22:30,07:00-22:30,1
公館、水源,丼壽司,j,4.4,158,x,11:30-14:00/17:30-21:00,11:30-14:00/17:30-21:00,11:30-14:00/17:30-21:00,11:30-14:00/17:30-21:00,11:30-14:00/17:30-21:00,11:30-14:00/17:30-21:00,2
公館、水源,L.A.F BURGER 拉芙漢堡,am,4.3,828,11:30-14:30/17:30-21:30,11:30-14:30/17:30-21:30,11:30-14:30/17:30-21:30,11:30-14:30/17:30-21:30,11:30-14:30/17:30-21:30,11:30-22:00,11:30-22:00,2
公館、水源,人性空間,oth,4.3,660,11:00-23:00,11:00-23:00,11:00-23:00,11:00-23:00,11:00-23:00,11:00-23:00,11:00-23:00,2
公館、水源,龍閣東山鴨頭,tw,4.5,30,x,16:00-23:00,16:00-23:00,16:00-23:00,16:00-23:00,16:00-23:00,16:00-23:00,1
公館、水源,辛殿麻辣鍋,tw,4,1172,00:00-01:30/11:30-24:00,00:00-01:30/11:30-24:00,00:00-01:30/11:30-24:00,00:00-01:30/11:30-24:00,00:00-01:30/11:30-24:00,00:00-01:30/11:30-24:00,00:00-01:30/11:30-24:00,2
公館、水源,山嵐拉麵,j,4.4,1561,11:30-14:30/17:15-20:45,11:30-14:30/17:15-20:45,11:30-14:30/17:15-20:45,11:30-14:30/17:15-20:45,11:30-14:30/17:15-20:45,11:30-14:30/17:15-20:45,11:30-14:30/17:15-20:45,2
公館、水源,喫尤平價鐵板燒,tw,4.4,1243,00:00-00:30/11:00-24:00,x,00:00-00:30/11:00-24:00,00:00-00:30/11:00-24:00,00:00-00:30/11:00-24:00,00:00-00:30/11:00-24:00,00:00-00:30/11:00-24:00,1
公館、水源,胖老爹美式炸雞,am,3.7,285,00:00-02:00/11:30-24:00,00:00-02:00/11:30-24:00,00:00-02:00/11:30-24:00,00:00-02:00/11:30-24:00,00:00-02:00/11:30-24:00,00:00-02:00/11:30-24:00,00:00-02:00/11:30-24:00,1
公館、水源,茗香園冰室,hk,3.3,1027,11:30-15:00/17:00-21:30,11:30-15:00/17:00-21:30,11:30-15:00/17:00-21:30,11:30-15:00/17:00-21:30,11:30-15:00/17:00-21:30,11:30-21:30,11:30-21:30,2
公館、水源,SHAKA Poke,am,4.3,50,11:00-21:00,11:00-21:00,11:00-21:00,11:00-21:00,11:00-21:00,11:00-21:00,11:00-21:00,1
公館、水源,小原田,j,4.5,1211,11:30-14:30/17:30-21:00,11:30-14:30/17:30-21:00,11:30-14:30/17:30-21:00,11:30-14:30/17:30-21:00,11:30-14:30/17:30-21:00,11:30-14:30/17:30-21:00,11:30-14:30/17:30-21:00,2
公館、水源,鷹流東京豚骨拉麵-極匠,j,4,2462,11:30-21:00,11:30-21:00,11:30-21:00,11:30-21:00,11:30-22:00,11:30-22:00,11:30-21:00,2
公館、水源,蕭家,tw,3.4,555,00:00-01:00/11:30-24:00,00:00-01:00/11:30-24:00,00:00-01:00/11:30-24:00,00:00-01:00/11:30-24:00,00:00-01:00/11:30-24:00,00:00-01:00/11:30-24:00,00:00-01:00/11:30-24:00,1
公館、水源,JODO 飯糰咖啡手作專門店,j,4.1,193,11:00-20:00,11:00-20:00,11:00-20:00,11:00-20:00,11:00-20:00,09:00-20:00,09:00-20:00,1
公館、水源,劉記古早味蔥蛋餅蜜地瓜,tw,4.3,318,00:00-00:30/16:30-24:00,00:00-00:30/16:30-24:00,00:00-00:30,x,16:30-24:00,00:00-00:30/16:30-24:00,00:00-00:30/16:30-24:00,1
公館、水源,滿意廚房,tw,4.8,10,11:00-21:30,11:00-21:30,11:00-21:30,11:00-21:30,11:00-21:30,16:30-22:00,16:30-21:30,1
公館、水源,胡饕米粉湯,tw,4,500,11:00-23:00,11:00-23:00,11:00-23:00,11:00-23:00,11:00-23:00,11:00-23:00,11:00-23:00,1
公館、水源,小螺波 XIAO LUO BO,tw,4.4,219,11:00-21:00,11:00-21:00,11:00-21:00,11:00-21:00,11:00-21:00,11:00-21:00,11:00-21:00,1
公館、水源,龍記炒燴,hk,4.4,371,x,11:30-15:00/17:00-20:00,11:30-15:00/17:00-20:00,11:30-15:00/17:00-20:00,11:30-15:00/17:00-20:00,11:30-15:00/17:00-20:00,x,1
公館、水源,鑫吉野烤肉飯,tw,4.1,218,09:00-14:00/16:30-20:00,09:00-14:00/16:30-20:00,09:00-14:00/16:30-20:00,09:00-14:00/16:30-20:00,09:00-14:00/16:30-20:00,09:00-14:00/16:30-20:00,x,1
公館、水源,麥當勞,fat,3.7,1586,06:00-24:00,06:00-24:00,06:00-24:00,06:00-24:00,06:00-24:00,06:00-24:00,06:00-24:00,1
公館、水源,龍潭豆花,fat,4.2,1268,x,12:00-22:00,12:30-22:00,12:30-22:00,12:30-22:00,11:30-22:00,12:00-22:00,1
公館、水源,鍋in百元風味火鍋,tw,3.9,2688,11:00-23:45,11:00-23:45,11:00-23:45,11:00-23:45,11:00-23:45,11:00-23:45,11:00-23:45,1
公館、水源,桃源街石記麵館,ch,3.9,240,11:00-20:00,x,11:00-20:00,11:00-20:00,11:00-20:00,11:00-20:00,11:00-20:00,2
公館、水源,Mr. 拉麵野崎家,j,3.7,2271,11:30-21:00,11:30-21:00,11:30-21:00,11:30-21:00,11:30-21:00,11:30-21:00,11:30-21:00,2
公館、水源,夢駝鈴咖啡餐廳,fat,3.7,660,00:00-02:00/11:30-24:00,00:00-02:00/11:30-24:00,00:00-02:00/11:30-24:00,00:00-02:00/11:30-24:00,00:00-02:00/11:30-24:00,00:00-02:00/11:30-24:00,00:00-02:00/11:30-24:00,2
公館、水源,瓦崎燒烤火鍋,j,3.1,458,11:30-23:00,11:30-23:00,11:30-23:00,11:30-23:00,11:30-23:00,11:30-23:00,11:30-23:00,2
公館、水源,涮樂和牛鍋物,j,4.6,5816,11:30-22:00,11:30-22:00,11:30-22:00,11:30-22:00,11:30-22:00,11:30-22:00,11:30-22:00,2
公館、水源,重順川菜餐廳,ch,4.2,1014,11:00-14:00/17:00-21:00,11:00-14:00/17:00-21:00,11:00-14:00/17:00-21:00,11:00-14:00/17:00-21:00,11:00-14:00/17:00-21:00,11:00-14:30/17:00-21:00,11:00-14:30/17:00-21:00,1
公館、水源,曼德樂泰式料理,koh,3.6,122,11:30-21:30,11:30-21:30,11:30-21:30,11:30-21:30,11:30-21:30,11:30-21:30,11:30-21:30,2
公館、水源,公館酒釀湯圓,fat,3.8,231,14:00-22:00,14:00-22:00,14:00-22:00,14:00-22:00,14:00-22:00,14:00-22:00,14:00-22:00,1
公館、水源,麻辣巴蕾,ch,3.9,1275,11:30-21:30,11:30-21:30,11:30-21:30,11:30-21:30,11:30-22:00,11:30-22:00,11:30-22:00,2
公館、水源,祥滿速食餐坊-清蒸鮮魚,tw,4.6,123,x,10:00-22:00,10:00-22:00,10:00-22:00,10:00-22:00,10:00-22:00,10:00-22:00,1
公館、水源,小蔬杭 絕對蔬食,hk,4.1,520,11:30-14:30/17:30-21:00,11:30-14:30/17:30-21:00,11:30-14:30/17:30-21:00,11:30-14:30/17:30-21:00,11:30-14:30/17:30-21:00,11:30-14:30/17:30-21:00,11:30-14:30/17:30-21:00,2
公館、水源,純愛小吃部,tw,4.2,209,00:00-00:30/17:30-24:00,00:00-00:30/17:30-24:00,00:00-00:30/17:30-24:00,00:00-00:30/17:30-24:00,00:00-00:30/17:30-24:00,00:00-02:00/17:30-24:00,00:00-02:00/17:30-24:00,1
公館、水源,JJ's POKE & CAFE,am,4.2,512,11:00-20:30,11:00-20:30,11:00-20:30,11:00-20:30,11:00-20:30,11:00-20:30,11:00-20:30,2
公館、水源,韓江館銅盤烤肉,k,3.4,687,17:00-22:00,x,17:00-22:00,17:00-22:00,17:00-22:00,11:30-15:00/17:00-22:00,11:30-15:00/17:00-22:00,2
公館、水源,戰醬燒肉,tw,4.3,3800,12:00-24:00,12:00-24:00,12:00-24:00,12:00-24:00,12:00-24:00,12:00-24:00,12:00-24:00,2
公館、水源,頂呱呱,fat,3.7,509,11:30-21:30,11:30-21:30,11:30-21:30,11:30-21:30,11:30-21:30,11:30-21:30,11:30-21:30,2
公館、水源,尖蚪,dr,4.5,283,x,x,12:00-18:00,12:00-18:00,12:00-18:00,11:00-20:00,11:00-20:00,2
公館、水源,清真泰皇餐廳,koh,4.2,258,11:00-21:30,11:00-21:30,11:00-21:30,11:00-21:30,11:00-21:30,11:00-21:30,11:00-21:30,1
公館、水源,豪季水餃,tw,4,185,10:00-20:00,10:00-20:00,10:00-20:00,10:00-20:00,10:00-20:00,10:00-15:00,x,1
公館、水源,雪球咖啡,br,4.4,330,06:30-15:00,06:30-15:00,x,06:30-15:00,06:30-15:00,06:30-15:00,06:30-15:00,1
公館、水源,新馬辣經典麻辣鍋,tw,4.6,5939,00:00-02:00/11:30-24:00,00:00-02:00/11:30-24:00,00:00-02:00/11:30-24:00,00:00-02:00/11:30-24:00,00:00-02:00/11:30-24:00,00:00-02:00/11:30-24:00,00:00-02:00/11:30-24:00,3
公館、水源,達美樂,am,3.7,116,11:00-23:00,11:00-23:00,11:00-23:00,11:00-23:00,11:00-23:00,11:00-23:00,11:00-23:00,2
公館、水源,炸鷄大獅,tw,4.4,563,11:30-22:30,11:30-22:30,11:30-22:30,11:30-22:30,11:30-22:30,11:30-22:30,11:30-22:30,1
公館、水源,Half coffee,fat,4.8,206,09:00-18:00,09:00-18:00,09:00-18:00,x,09:00-18:00,09:00-18:00,09:00-18:00,1
公館、水源,得記麻辣脆皮臭豆腐,tw,4.1,1252,12:00-23:30,12:00-23:30,12:00-23:30,12:00-23:30,12:00-23:30,12:00-23:30,12:00-23:30,1
公館、水源,89 LOOP Sports Bar,am,4.9,2141,00:00-04:00/19:00-24:00,00:00-04:00/19:00-24:00,00:00-04:00/19:00-24:00,00:00-04:00/19:00-24:00,00:00-04:00/19:00-24:00,00:00-04:00/19:00-24:00,00:00-04:00/19:00-24:00,2
公館、水源,Box巴克斯韭菜盒子蛋餅,tw,4.3,329,07:00-19:30,07:00-19:30,07:00-19:30,07:00-19:30,07:00-19:30,07:00-19:30,07:00-19:30,1
公館、水源,卜乘輕食滷味,tw,4.1,184,11:50-21:30,11:50-21:30,11:50-21:30,11:50-21:30,11:50-21:30,11:50-21:30,11:50-21:30,1
公館、水源,45 Old Bar Coffee,am,4.1,1200,00:00-02:00,x,18:00-24:00,00:00-02:00/18:00-24:00,00:00-02:00/18:00-24:00,00:00-02:00/18:00-24:00,00:00-02:00/18:00-24:00,2
公館、水源,STARBUCKS 星巴克,dr,4,1393,07:00-22:30,07:00-22:30,07:00-22:30,07:00-22:30,07:00-22:30,07:00-22:30,07:00-22:30,2
公館、水源,小日子商号,dr,4.2,279,11:30-20:00,11:30-20:00,11:30-20:00,11:30-20:00,11:30-20:00,11:30-20:00,11:30-20:00,1
公館、水源,樂圓,fat,5,116,11:00-19:00,11:00-19:00,11:00-19:00,11:00-19:00,11:00-19:00,11:00-19:00,x,1
公館、水源,小椿日和,fat,4,58,11:30-21:00,11:30-21:00,11:30-21:00,11:30-21:00,11:30-21:00,11:30-21:00,11:30-21:00,1
公館、水源,五桐號Wootea,dr,4.4,484,10:30-22:00,10:30-22:00,10:30-22:00,10:30-22:00,10:30-22:00,10:30-22:00,10:30-22:00,1
公館、水源,墾丁蛋蛋ㄉㄨㄞ奶,dr,4.2,1045,11:30-22:30,11:30-22:30,11:30-22:30,11:30-22:30,11:30-23:30,11:30-23:30,11:30-22:30,1
公館、水源,TrueWin初韻,dr,4.8,574,11:00-22:00,11:00-22:00,11:00-22:00,11:00-22:00,11:00-22:00,11:00-22:00,11:00-22:00,1
公館、水源,騰堂麵包茶飲,fat,4.6,267,10:30-20:00,10:30-20:00,10:30-20:00,x,10:30-20:00,10:30-20:00,10:30-20:00,1
公館、水源,一之軒,fat,4.2,333,07:00-22:00,07:00-22:00,07:00-22:00,07:00-22:00,07:00-22:00,07:00-22:00,07:00-22:00,2
公館、水源,怪舒芙 Monster Souffle,fat,4.4,91,x,16:00-23:00,16:00-23:00,16:00-23:00,16:00-23:00,16:00-23:00,16:00-23:00,1
公館、水源,鴉片粉圓,fat,3.7,1619,12:00-23:30,12:00-23:30,12:00-23:30,12:00-23:30,12:00-23:30,12:00-23:30,12:00-23:30,1